DVS-XPP-Domo,4246
OIT-NDI-d3.js,324
DHIS-Moss I Sharepoint-Domo,1621
DHANES-NHCS-Qlikview,3920
DHIS-XPP-Highcharts,4636
DVS-RDC-SAS VA,4456
OIT-VIEWS-IBM Watson,653
DHANES-VIEWS-Power BI,2529
OAE-QBank-Zoho,3074
DHANES-NDI-d3.js,774
OIT-NHCS-Domo,2399
OAE-Moss E Sharepoint-d3.js,4147
DVS-OARS-Zoho,3772
DVS-Moss I Sharepoint-Power BI,4305
OAE-VIEWS-Klipfolio,72
DVS-OARS-d3.js,331
OIT-XPP-Sisense,1384
DRM-NDI-IBM Watson,2764
DHCS-QVideo-Alteryx,2309
DRM-Moss I Sharepoint-Tableau,3841
OIT-NDI-Chartio,3715
DRM-NVSS-Google Highcharts,617
DRM-NSFG-Klipfolio,2229
DHCS-VIEWS-Highcharts,512
DHANES-NSFG-IBM Watson,513
DVS-NSFG-Zoho,2794
DHCS-NSFG-Qlikview,2291
DHANES-QBank-Looker,577
DRM-NVSS-Google Highcharts,4229
OAE-NSFG-Angular,3761
OIT-NSFG-Plot.ly,4814
DHCS-QVideo-Angular,1252
DRM-NHCS-ggplot2,3665
DVS-OARS-Domo,2962
DVS-NHANES-SAP,2668
DHIS-VIEWS-Domo,1658
DRM-Moss E Sharepoint-Zoho,1014
DHIS-HIW-Zoho,928
DRM-NVSS-Looker,1528
DRM-NSFG-SAP,1210
OIT-RDC-d3.js,2382
DVS-CTS-Plot.ly,4390
DHCS-Moss E Sharepoint-Plot.ly,2526
DHCS-MIS-Klipfolio,2390
OAE-HIW-Plot.ly,2492
DHCS-QBank-Qlikview,3123
DVS-NVSS-SAS VA,1164
DVS-NSFG-IBM Watson,3426
DHANES-NHCS-Domo,2039
